介绍下何氏眼科	何氏眼科	
介绍下何伟博士	"何伟
何博士"	
吉安市的人口数量	吉安	
吉安的革命旧址数量	吉安	
井冈山有名有姓的革命烈士有多少	井冈山	烈士
井冈山涌现的开国将军有多少	井冈山	开国将军
吉安市森林覆盖率是多少	吉安	
神山村获得过什么奖项	神山村	
神山村在哪里	神山村	
庐陵文化的精髓是什么	庐陵	
介绍下白鹭洲书院	白鹭洲书院	
用一句诗形容吉安的人文历史	吉安	
吉安在经济上获得的成绩有哪些	吉安	
吉安市2022年的GPD是多少	吉安	
井冈山经济开发区2020年有什么重大举措	"井冈山&&经济开发区
井冈山&&经开区
井开区"	
“一区四园”具体内容	一区四园	
“一区四园”总体规划面积多少	一区四园	
吉州产业园，规划面积多少	"吉州&&产业园
吉州&&产业区
吉安高新区"	
青原产业园，规划面积多少	"青原&&产业园
青原&&产业区"	
富滩产业园，规划面积多少	"富滩&&产业园
富滩&&产业区"	
井冈山经开区本部规划面积多少	"井冈山&&经济开发区
井冈山&&经开区
井开区"	
介绍下2022年井冈山经开区的主营业务收入是多少	"井冈山&&经济开发区
井冈山&&经开区
井开区"	
井冈山经济开发区现有企业数量	"井冈山&&经济开发区
井冈山&&经开区
井开区"	
介绍下木林森股份投资了经开区什么项目	木林森	"井冈山&&经济开发区
井冈山&&经开区
井开区"
什么是全产业链格局		
介绍下南亚新材五年来的举措	南亚新材	
南亚新材具体投资了哪三个数字化工厂	"南亚新材
"	
园区PCB企业年产多少	园区&&PCB	
园区PCB企业有哪些	园区&&PCB	
井冈山经济技术开发区代表企业	"井冈山&&经济开发区
井冈山&&经开区
井开区"	
井冈山经济开发区电子信息产业发展如何	"井冈山&&经济开发区
井冈山&&经开区
井开区"	
井冈山经济开发区智能装备产业集群是什么	"井冈山&&经济开发区
井冈山&&经开区
井开区"	
井冈山经济开发区先进材料产业有哪些	"井冈山&&经济开发区
井冈山&&经开区
井开区"	
井冈山经济技术开发区下一步招引方向是什么	"井冈山&&经济开发区
井冈山&&经开区
井开区"	
吉安市规划的高端智能制造产业的场地多大	吉安	
井冈山经开区有哪些配套服务	"井冈山&&经济开发区
井冈山&&经开区
井开区"	
介绍下井冈山经开区的标准厂房建设	"井冈山&&经济开发区
井冈山&&经开区
井开区"	
井冈山经开区的“三驾马车”指的是什么	"井冈山&&经济开发区
井冈山&&经开区
井开区"	三驾马车
井冈山经开区距离高铁站远吗	"井冈山&&经济开发区
井冈山&&经开区
井开区"	
井冈山经济开发区有哪些学校可以提供人才支撑	"井冈山&&经济开发区
井冈山&&经开区
井开区"	
金融服务方面为企业提供了哪些融资服务		
井开区在政务服务方面做出了哪些举措	"井冈山&&经济开发区
井冈山&&经开区
井开区"	
井开区的政务服务周期是多少	"井冈山&&经济开发区
井冈山&&经开区
井开区"	
井开区政务服务实施原则是什么	"井冈山&&经济开发区
井冈山&&经开区
井开区"	
井冈山经济开发区要打造一个什么样的服务品牌	"井冈山&&经济开发区
井冈山&&经开区
井开区"	
金鸡湖创新小镇的政策背景	金鸡湖	
金鸡湖创新小镇的设计范围	金鸡湖	
金鸡湖创新小镇的规划目标	金鸡湖	
金鸡湖创新小镇的规划原则	金鸡湖	
金鸡湖创新小镇的规划依据是什么	金鸡湖	
金鸡湖小镇的地理位置	金鸡湖	
井开区的区域交通如何	"井冈山&&经济开发区
井冈山&&经开区
井开区"	
金鸡湖小镇土地利用现状怎么样	金鸡湖	
金鸡湖小镇规划的建设用地是否适宜	金鸡湖	
井开区的西区怎么划分	"井冈山&&经济开发区
井冈山&&经开区
井开区"	
井开区的东区怎么划分	"井冈山&&经济开发区
井冈山&&经开区
井开区"	
井开区的发展是如何定位的	"井冈山&&经济开发区
井冈山&&经开区
井开区"	
井开区的发展理念是什么	"井冈山&&经济开发区
井冈山&&经开区
井开区"	
井开区“一核三轴线”指的是什么	"井冈山&&经济开发区
井冈山&&经开区
井开区"	一核三轴线
井开区“四心多节点”指的是什么	"井冈山&&经济开发区
井冈山&&经开区
井开区"	四心多节点
金鸡湖小镇的发展目标是什么	金鸡湖	
金鸡湖小镇的形象定位是什么	金鸡湖	
金鸡湖小镇的功能定位是什么	金鸡湖	
金鸡湖小镇的设计策略是什么	金鸡湖	
金鸡湖小镇区域交通规划如何	金鸡湖	
金鸡湖小镇区域慢行系统如何规划的	金鸡湖	
金鸡湖小镇核心区规划结构是什么	金鸡湖	
什么是双核双轴多点		
双核双轴多点的具体内容		
金鸡湖小镇核心区用地规划情况	金鸡湖	
金鸡湖小镇核心区开放空间规划怎么样	金鸡湖	
介绍下金鸡湖沿湖开放空间	金鸡湖	
介绍下沿河开放空间		
介绍下山地开放空间		
金鸡湖小镇核心区公共服务系统规划如何	金鸡湖	
金鸡湖小镇核心区近期规划用地统计情况	金鸡湖	
金鸡湖小镇核心区远期规划用地统计情况如何	金鸡湖	
金鸡湖小镇核心区投资估算总造价多少	金鸡湖	
金鸡湖小镇核心区投资估算住宅建筑工程量及造价是多少	金鸡湖	
金鸡湖小镇核心区投资估算公共建筑工程量及造价是多少	金鸡湖	
金鸡湖小镇核心区投资估算地下停车库工程量及造价是多少	金鸡湖	
金鸡湖小镇核心区投资估算道路及停车场工程量及造价是多少	金鸡湖	
金鸡湖小镇核心区投资估算绿化工程工程量及造价是多少	金鸡湖	
金鸡湖小镇创新大厦功能介绍	金鸡湖	
金鸡湖小镇的核心区景观规划如何	金鸡湖	
金鸡湖小镇核心区景观风貌怎么分区	金鸡湖	
介绍下创新研发风貌区		
介绍下现代创意风貌区		
金鸡湖小镇核心区河道水系和驳岸形式有哪些	金鸡湖	
介绍下金鸡国际社区	金鸡国际社区	
金鸡湖的专家公寓长什么样	金鸡湖	
金鸡湖的人才公寓长什么样	金鸡湖	
创新工业设计中心是什么		
创新工业设计中心长什么样		
金鸡湖小镇的空间组织是怎么样的	金鸡湖	
井开区的规划策略是什么	"井冈山&&经济开发区
井冈山&&经开区
井开区"	
金鸡湖小镇的发展目标是什么	金鸡湖	
金鸡湖小镇产业发展定位是什么	金鸡湖	
金鸡湖小镇产业发展思路是什么	金鸡湖	
金鸡湖小镇的建筑风貌有什么特点	金鸡湖	
